[{"id":"0a207278-dfd9-4480-a1b4-c88b018dcc53","file_name":"developer.svg","title":null,"size":2440,"type":"image/svg+xml","url":"https://assets-us-01.kc-usercontent.com/9b1ee72c-8e7a-0055-fca2-ef882e788627/ac103c5b-d63a-4147-a8c7-6542bcee1808/developer.svg","image_width":null,"image_height":null,"file_reference":{"id":"ac103c5b-d63a-4147-a8c7-6542bcee1808","type":"internal"},"descriptions":[{"language":{"id":"00000000-0000-0000-0000-000000000000"},"description":null}],"last_modified":"2021-07-01T08:23:01.7981759Z"},{"id":"1d63b774-02f1-4df8-b791-aa349af78e98","file_name":"default.svg","title":null,"size":8836,"type":"image/svg+xml","url":"https://assets-us-01.kc-usercontent.com/9b1ee72c-8e7a-0055-fca2-ef882e788627/3e34f3d5-bc18-4c91-b406-ac0a954550b5/default.svg","image_width":null,"image_height":null,"file_reference":{"id":"3e34f3d5-bc18-4c91-b406-ac0a954550b5","type":"internal"},"descriptions":[{"language":{"id":"00000000-0000-0000-0000-000000000000"},"description":null}],"last_modified":"2021-07-01T08:23:08.0950023Z"},{"id":"37761db8-32bc-4318-a3f8-d05393d2631e","file_name":"teammates-thinking-about-business-report-2407297-0_-_Copy.svg","title":null,"size":21528,"type":"image/svg+xml","url":"https://assets-us-01.kc-usercontent.com/9b1ee72c-8e7a-0055-fca2-ef882e788627/e929eed5-78dc-4e17-9263-5c19ac0feea7/teammates-thinking-about-business-report-2407297-0_-_Copy.svg","image_width":null,"image_height":null,"file_reference":{"id":"e929eed5-78dc-4e17-9263-5c19ac0feea7","type":"internal"},"descriptions":[{"language":{"id":"00000000-0000-0000-0000-000000000000"},"description":null}],"last_modified":"2021-07-02T07:06:11.2951965Z"},{"id":"86c2b61e-0cd7-4331-ae6f-fa21ae08aedc","file_name":"marketer.svg","title":null,"size":7021,"type":"image/svg+xml","url":"https://assets-us-01.kc-usercontent.com/9b1ee72c-8e7a-0055-fca2-ef882e788627/8dcef797-b23d-4e37-956d-e7f101c7faff/marketer.svg","image_width":null,"image_height":null,"file_reference":{"id":"8dcef797-b23d-4e37-956d-e7f101c7faff","type":"internal"},"descriptions":[{"language":{"id":"00000000-0000-0000-0000-000000000000"},"description":null}],"last_modified":"2021-07-01T08:23:09.7981353Z"}]