[{"id":"38e629fc-f751-48f0-a5c2-add4a4a9929a","codename":"page","last_modified":"2021-06-18T12:40:39.4590856Z","name":"Page","content_groups":[],"elements":[{"depends_on":{"element":{"id":"330ab7dc-a6ad-4268-946f-fe6965375509"}},"name":"Slug","guidelines":null,"is_required":true,"type":"url_slug","id":"253c47b7-85ab-4110-a30e-11c0280a35d4","codename":"slug"},{"maximum_text_length":null,"name":"Title","guidelines":null,"is_required":false,"type":"text","id":"330ab7dc-a6ad-4268-946f-fe6965375509","codename":"title"},{"item_count_limit":null,"allowed_content_types":[],"name":"Page components","guidelines":null,"is_required":false,"type":"modular_content","id":"f465389d-ca9c-473b-b8b7-57572eb12408","codename":"page_components"}]},{"id":"1a06e024-a0b8-4fc0-95bb-bb7855f6530c","codename":"personalized_hero_banner","last_modified":"2021-06-18T12:28:22.6876593Z","name":"Personalized Hero Banner","content_groups":[],"elements":[{"item_count_limit":null,"allowed_content_types":[{"id":"727e5630-1cc3-4e00-99f7-07574214b3ea"}],"name":"unfrmOptP13nList","guidelines":"Select Hero Banners as personalization variants","is_required":true,"type":"modular_content","id":"e4144a0c-20d9-4195-a3af-c09d39cc0dfe","codename":"unfrmoptp13nlist"}]},{"id":"727e5630-1cc3-4e00-99f7-07574214b3ea","codename":"hero_banner","last_modified":"2021-07-13T11:27:43.2032737Z","name":"Hero Banner","content_groups":[],"elements":[{"source_url":"https://uniformoptimize-kontent.netlify.app","json_parameters":"{\"optimizeApiKey\":\"3e8230ff-bb65-4736-9adb-fa0910ad909e\"}","allowed_elements":[],"name":"Intent Tags","guidelines":null,"is_required":false,"type":"custom","id":"228cb459-8d54-4102-9acf-5adcd8bda7d2","codename":"intent_tags"},{"maximum_text_length":null,"name":"Title","guidelines":null,"is_required":false,"type":"text","id":"5a3b255c-d9f3-435e-8357-89b1a0241f6e","codename":"title"},{"maximum_text_length":null,"maximum_image_size":null,"allowed_content_types":[],"image_width_limit":null,"image_height_limit":null,"allowed_image_types":"any","allowed_blocks":[],"allowed_formatting":[],"allowed_text_blocks":[],"allowed_table_blocks":[],"allowed_table_formatting":[],"allowed_table_text_blocks":[],"name":"Description","guidelines":null,"is_required":false,"type":"rich_text","id":"0bdd500a-ee12-4415-9408-0c55dc1c72a9","codename":"description"},{"asset_count_limit":null,"maximum_file_size":null,"allowed_file_types":"any","image_width_limit":null,"image_height_limit":null,"name":"Image","guidelines":null,"is_required":false,"type":"asset","id":"06b04c7e-fcaa-4120-be42-eed6fa1b1b5b","codename":"image"}]}]