[{"elements":[{"searchable_value":null,"element":{"id":"228cb459-8d54-4102-9acf-5adcd8bda7d2"},"value":"{\"intents\":{\"dev\":{\"str\":50}}}"},{"element":{"id":"5a3b255c-d9f3-435e-8357-89b1a0241f6e"},"value":"A banner for the developers amongst us!"},{"components":[],"element":{"id":"0bdd500a-ee12-4415-9408-0c55dc1c72a9"},"value":"<p>This content has been personalized for developers</p>"},{"element":{"id":"06b04c7e-fcaa-4120-be42-eed6fa1b1b5b"},"value":[{"id":"0a207278-dfd9-4480-a1b4-c88b018dcc53"}]}],"workflow_step":{"id":"c199950d-99f0-4983-b711-6c4c91624b22"},"item":{"id":"e80e6834-b73b-414d-9259-0567fa362600"},"language":{"id":"00000000-0000-0000-0000-000000000000"},"last_modified":"2021-07-02T06:59:28.6407706Z"},{"elements":[{"searchable_value":null,"element":{"id":"228cb459-8d54-4102-9acf-5adcd8bda7d2"},"value":"{\"intents\":{\"marketer\":{\"str\":50}}}"},{"element":{"id":"5a3b255c-d9f3-435e-8357-89b1a0241f6e"},"value":"This is the Marketers Banner"},{"components":[],"element":{"id":"0bdd500a-ee12-4415-9408-0c55dc1c72a9"},"value":"<p>A banner especially for marketers! Your content has been personalized</p>"},{"element":{"id":"06b04c7e-fcaa-4120-be42-eed6fa1b1b5b"},"value":[{"id":"86c2b61e-0cd7-4331-ae6f-fa21ae08aedc"}]}],"workflow_step":{"id":"c199950d-99f0-4983-b711-6c4c91624b22"},"item":{"id":"6cbeed76-e150-4696-a2a6-f677a4a93ed5"},"language":{"id":"00000000-0000-0000-0000-000000000000"},"last_modified":"2021-07-23T13:10:40.5369837Z"},{"elements":[{"searchable_value":null,"element":{"id":"228cb459-8d54-4102-9acf-5adcd8bda7d2"},"value":null},{"element":{"id":"5a3b255c-d9f3-435e-8357-89b1a0241f6e"},"value":"This banner is for non-personalized people"},{"components":[],"element":{"id":"0bdd500a-ee12-4415-9408-0c55dc1c72a9"},"value":"<p>I did not personalize for you!</p>"},{"element":{"id":"06b04c7e-fcaa-4120-be42-eed6fa1b1b5b"},"value":[{"id":"1d63b774-02f1-4df8-b791-aa349af78e98"}]}],"workflow_step":{"id":"c199950d-99f0-4983-b711-6c4c91624b22"},"item":{"id":"6351f81c-5d19-4ba4-b9f4-f2955ea1c3f1"},"language":{"id":"00000000-0000-0000-0000-000000000000"},"last_modified":"2021-07-01T08:24:04.8931906Z"},{"elements":[{"element":{"id":"e4144a0c-20d9-4195-a3af-c09d39cc0dfe"},"value":[{"id":"6351f81c-5d19-4ba4-b9f4-f2955ea1c3f1"},{"id":"e80e6834-b73b-414d-9259-0567fa362600"},{"id":"6cbeed76-e150-4696-a2a6-f677a4a93ed5"}]}],"workflow_step":{"id":"c199950d-99f0-4983-b711-6c4c91624b22"},"item":{"id":"4839c51c-dc0c-4eed-80a7-81c1bf86bd86"},"language":{"id":"00000000-0000-0000-0000-000000000000"},"last_modified":"2021-06-18T12:28:38.5939634Z"},{"elements":[{"mode":"autogenerated","element":{"id":"253c47b7-85ab-4110-a30e-11c0280a35d4"},"value":"home-page"},{"element":{"id":"330ab7dc-a6ad-4268-946f-fe6965375509"},"value":"Home page"},{"element":{"id":"f465389d-ca9c-473b-b8b7-57572eb12408"},"value":[{"id":"4839c51c-dc0c-4eed-80a7-81c1bf86bd86"}]}],"workflow_step":{"id":"c199950d-99f0-4983-b711-6c4c91624b22"},"item":{"id":"8d9ab353-c813-4679-bcd2-6594f4ce73e9"},"language":{"id":"00000000-0000-0000-0000-000000000000"},"last_modified":"2021-06-30T14:29:03.3508801Z"},{"elements":[{"mode":"custom","element":{"id":"253c47b7-85ab-4110-a30e-11c0280a35d4"},"value":"developers"},{"element":{"id":"330ab7dc-a6ad-4268-946f-fe6965375509"},"value":"Developers"},{"element":{"id":"f465389d-ca9c-473b-b8b7-57572eb12408"},"value":[{"id":"53e8ea49-922c-45bf-856b-5e29185b0726"}]}],"workflow_step":{"id":"c199950d-99f0-4983-b711-6c4c91624b22"},"item":{"id":"df9451cf-8903-4225-9338-83ee64de5f2b"},"language":{"id":"00000000-0000-0000-0000-000000000000"},"last_modified":"2021-07-02T07:06:28.2611836Z"},{"elements":[{"mode":"custom","element":{"id":"253c47b7-85ab-4110-a30e-11c0280a35d4"},"value":"marketers"},{"element":{"id":"330ab7dc-a6ad-4268-946f-fe6965375509"},"value":"Marketers"},{"element":{"id":"f465389d-ca9c-473b-b8b7-57572eb12408"},"value":[{"id":"833ce1e9-a81f-4839-b6b0-3a1e2ade7f07"}]}],"workflow_step":{"id":"c199950d-99f0-4983-b711-6c4c91624b22"},"item":{"id":"7810b1f1-5615-42c7-9b6a-70966c5aca92"},"language":{"id":"00000000-0000-0000-0000-000000000000"},"last_modified":"2021-07-02T07:08:39.8266595Z"},{"elements":[{"searchable_value":null,"element":{"id":"228cb459-8d54-4102-9acf-5adcd8bda7d2"},"value":"{\"intents\":{\"dev\":{\"str\":50}}}"},{"element":{"id":"5a3b255c-d9f3-435e-8357-89b1a0241f6e"},"value":"Welcome to the developers talk track page"},{"components":[],"element":{"id":"0bdd500a-ee12-4415-9408-0c55dc1c72a9"},"value":"<p>Take a look around, you'll find awesome content about developer talks</p>"},{"element":{"id":"06b04c7e-fcaa-4120-be42-eed6fa1b1b5b"},"value":[{"id":"37761db8-32bc-4318-a3f8-d05393d2631e"}]}],"workflow_step":{"id":"c199950d-99f0-4983-b711-6c4c91624b22"},"item":{"id":"53e8ea49-922c-45bf-856b-5e29185b0726"},"language":{"id":"00000000-0000-0000-0000-000000000000"},"last_modified":"2021-07-02T07:06:14.8184146Z"},{"elements":[{"searchable_value":null,"element":{"id":"228cb459-8d54-4102-9acf-5adcd8bda7d2"},"value":"{\"intents\":{\"marketer\":{\"str\":50}}}"},{"element":{"id":"5a3b255c-d9f3-435e-8357-89b1a0241f6e"},"value":"This is the page for the marketers talk track"},{"components":[],"element":{"id":"0bdd500a-ee12-4415-9408-0c55dc1c72a9"},"value":"<p>We have lot's of marker talks here!</p>"},{"element":{"id":"06b04c7e-fcaa-4120-be42-eed6fa1b1b5b"},"value":[{"id":"1d63b774-02f1-4df8-b791-aa349af78e98"}]}],"workflow_step":{"id":"c199950d-99f0-4983-b711-6c4c91624b22"},"item":{"id":"833ce1e9-a81f-4839-b6b0-3a1e2ade7f07"},"language":{"id":"00000000-0000-0000-0000-000000000000"},"last_modified":"2021-07-13T11:28:10.2724389Z"}]