[{"elements":[],"id":"81493934-51c9-49d4-af76-b79cce04167b","file_name":"developer.svg","title":null,"size":2440,"type":"image/svg+xml","url":"https://assets-us-01.kc-usercontent.com/81b9d70a-713d-0059-915c-91ac342ce2f2/0dfb4d47-56f8-4984-9bf3-0f71754e44d6/developer.svg","image_width":null,"image_height":null,"file_reference":{"id":"0dfb4d47-56f8-4984-9bf3-0f71754e44d6","type":"internal"},"descriptions":[{"language":{"id":"00000000-0000-0000-0000-000000000000"},"description":null}],"last_modified":"2022-04-21T10:30:54.6168983Z"},{"elements":[],"id":"54d6e875-de51-480b-bd6c-0b59f6605980","file_name":"call-for-papers-hero.svg","title":null,"size":9703,"type":"image/svg+xml","url":"https://assets-us-01.kc-usercontent.com/81b9d70a-713d-0059-915c-91ac342ce2f2/67561a7c-6e3c-445b-b22c-c59a95077db3/call-for-papers-hero.svg","image_width":null,"image_height":null,"file_reference":{"id":"67561a7c-6e3c-445b-b22c-c59a95077db3","type":"internal"},"descriptions":[{"language":{"id":"00000000-0000-0000-0000-000000000000"},"description":null}],"last_modified":"2022-04-21T10:30:54.7218495Z"},{"elements":[],"id":"a62d150e-1e67-4677-828e-65e7a3c6e522","file_name":"default-hero.svg","title":null,"size":8836,"type":"image/svg+xml","url":"https://assets-us-01.kc-usercontent.com/81b9d70a-713d-0059-915c-91ac342ce2f2/a431420a-3848-4d27-b184-c2b54742376d/default-hero.svg","image_width":null,"image_height":null,"file_reference":{"id":"a431420a-3848-4d27-b184-c2b54742376d","type":"internal"},"descriptions":[{"language":{"id":"00000000-0000-0000-0000-000000000000"},"description":null}],"last_modified":"2022-04-21T10:30:54.7265538Z"},{"elements":[],"id":"793ebe7c-e45f-414f-aef3-2e990681cc70","file_name":"crowd.jpg","title":null,"size":76280,"type":"image/jpeg","url":"https://assets-us-01.kc-usercontent.com/81b9d70a-713d-0059-915c-91ac342ce2f2/99c8ecea-b274-48df-bbbb-9bdd9ba1fc50/crowd.jpg","image_width":640,"image_height":426,"file_reference":{"id":"99c8ecea-b274-48df-bbbb-9bdd9ba1fc50","type":"internal"},"descriptions":[{"language":{"id":"00000000-0000-0000-0000-000000000000"},"description":null}],"last_modified":"2022-04-21T10:30:54.7473727Z"},{"elements":[],"id":"7575e005-ac29-4986-be45-30d3a839e820","file_name":"developer-hero.svg","title":null,"size":2440,"type":"image/svg+xml","url":"https://assets-us-01.kc-usercontent.com/81b9d70a-713d-0059-915c-91ac342ce2f2/b9911b14-cc6c-4a8d-8533-2eeed2f66703/developer-hero.svg","image_width":null,"image_height":null,"file_reference":{"id":"b9911b14-cc6c-4a8d-8533-2eeed2f66703","type":"internal"},"descriptions":[{"language":{"id":"00000000-0000-0000-0000-000000000000"},"description":null}],"last_modified":"2022-04-21T10:30:55.0007168Z"},{"elements":[],"id":"b111dc72-a1b3-42ba-be86-76ecb4496b38","file_name":"marketer.svg","title":null,"size":7021,"type":"image/svg+xml","url":"https://assets-us-01.kc-usercontent.com/81b9d70a-713d-0059-915c-91ac342ce2f2/a6661897-4568-4a73-bbc4-5df2a353e2f4/marketer.svg","image_width":null,"image_height":null,"file_reference":{"id":"a6661897-4568-4a73-bbc4-5df2a353e2f4","type":"internal"},"descriptions":[{"language":{"id":"00000000-0000-0000-0000-000000000000"},"description":null}],"last_modified":"2022-04-21T10:30:55.1219045Z"},{"elements":[],"id":"330c9c66-2c57-4b9e-a2c5-62909a6a2c5f","file_name":"registration-hero.svg","title":null,"size":8721,"type":"image/svg+xml","url":"https://assets-us-01.kc-usercontent.com/81b9d70a-713d-0059-915c-91ac342ce2f2/308018a1-7360-4c4e-b84c-2403215eac99/registration-hero.svg","image_width":null,"image_height":null,"file_reference":{"id":"308018a1-7360-4c4e-b84c-2403215eac99","type":"internal"},"descriptions":[{"language":{"id":"00000000-0000-0000-0000-000000000000"},"description":null}],"last_modified":"2022-04-21T10:30:55.1299059Z"},{"elements":[],"id":"0600be32-2dcb-4c03-bd92-0f71529f1dd0","file_name":"marketer-hero.svg","title":null,"size":7021,"type":"image/svg+xml","url":"https://assets-us-01.kc-usercontent.com/81b9d70a-713d-0059-915c-91ac342ce2f2/9a866e70-4383-4927-991c-3647b88f5e9e/marketer-hero.svg","image_width":null,"image_height":null,"file_reference":{"id":"9a866e70-4383-4927-991c-3647b88f5e9e","type":"internal"},"descriptions":[{"language":{"id":"00000000-0000-0000-0000-000000000000"},"description":null}],"last_modified":"2022-04-21T10:30:55.1371926Z"},{"elements":[],"id":"6617dca4-7d2a-4f1e-9217-6388bb30383f","file_name":"uniform-logo.png","title":null,"size":2003,"type":"image/png","url":"https://assets-us-01.kc-usercontent.com/81b9d70a-713d-0059-915c-91ac342ce2f2/6e01b94b-1143-4fe5-8cf1-502dde90c6f5/uniform-logo.png","image_width":100,"image_height":100,"file_reference":{"id":"6e01b94b-1143-4fe5-8cf1-502dde90c6f5","type":"internal"},"descriptions":[{"language":{"id":"00000000-0000-0000-0000-000000000000"},"description":null}],"last_modified":"2022-04-21T10:30:55.1500936Z"},{"elements":[],"id":"a5d69b36-bdc7-40e4-8df1-9ee26f81bfe2","file_name":"uniform-logo-text.png","title":null,"size":4381,"type":"image/png","url":"https://assets-us-01.kc-usercontent.com/81b9d70a-713d-0059-915c-91ac342ce2f2/e8d16ac4-baf5-4494-849b-61d63a8f9cf3/uniform-logo-text.png","image_width":307,"image_height":109,"file_reference":{"id":"e8d16ac4-baf5-4494-849b-61d63a8f9cf3","type":"internal"},"descriptions":[{"language":{"id":"00000000-0000-0000-0000-000000000000"},"description":null}],"last_modified":"2022-04-21T10:30:55.4635663Z"}]