[{"id":"43663a79-62d1-45a7-afeb-58c6b8e07c4c","codename":"registration_form","last_modified":"2022-04-21T14:57:47.138732Z","name":"Registration Form","content_groups":[],"elements":[{"maximum_text_length":null,"validation_regex":null,"name":"Title","guidelines":null,"is_required":true,"type":"text","id":"c80e4e9f-f5be-40b7-a458-93d3a61cdccb","codename":"title","is_non_localizable":false},{"maximum_text_length":null,"validation_regex":null,"name":"Button Text","guidelines":null,"is_required":true,"type":"text","id":"7ab6826e-d080-4463-b974-d2391d774350","codename":"button_text","is_non_localizable":false},{"maximum_text_length":null,"validation_regex":null,"name":"Registered Text","guidelines":null,"is_required":true,"type":"text","id":"be7656b2-2f6c-409e-8716-fc2c522457f3","codename":"registered_text","is_non_localizable":false}]},{"id":"6c379ad9-4b08-4e69-933f-238dce7db1de","codename":"hero","last_modified":"2022-04-21T12:51:05.5418761Z","name":"Hero","content_groups":[],"elements":[{"maximum_text_length":null,"validation_regex":null,"name":"Title","guidelines":null,"is_required":true,"type":"text","id":"71eec87e-13d4-4a2e-8b8c-ba5a0ac44110","codename":"title","is_non_localizable":false},{"maximum_text_length":null,"maximum_image_size":null,"allowed_content_types":[],"image_width_limit":null,"image_height_limit":null,"allowed_image_types":"any","allowed_blocks":[],"allowed_formatting":[],"allowed_text_blocks":[],"allowed_table_blocks":[],"allowed_table_formatting":[],"allowed_table_text_blocks":[],"name":"Description","guidelines":null,"is_required":true,"type":"rich_text","id":"2cd79579-3f77-409b-b019-031741b530ef","codename":"description","is_non_localizable":false},{"maximum_text_length":null,"validation_regex":null,"name":"Button Text","guidelines":null,"is_required":false,"type":"text","id":"cfeb76a1-d077-404e-8a9e-6022fd4d92e2","codename":"button_text","is_non_localizable":false},{"maximum_text_length":null,"validation_regex":null,"name":"Button Link Slug","guidelines":null,"is_required":false,"type":"text","id":"dce8c1fd-0791-419f-a4d2-4490bc842648","codename":"button_link_slug","is_non_localizable":false},{"asset_count_limit":null,"maximum_file_size":null,"allowed_file_types":"any","image_width_limit":null,"image_height_limit":null,"name":"Image","guidelines":null,"is_required":false,"type":"asset","id":"579a5821-6fc2-4fe9-b1b5-53709b9870be","codename":"image","is_non_localizable":false},{"source_url":"https://localhost:3001/personalization-criteria","json_parameters":"{\"apiKey\":\"uf1rzvxvcs4v2arscpjrw4hn6983hwphvqvnvayjfvkr3rfk3a2xqf5ljp4sdfhsdrv9dhlvw2apll3ga6095dnmsxdre5aqf\",\"projectId\":\"e53627fc-ca0e-45ee-a0ff-a67ef574085b\"}","allowed_elements":[],"name":"Personalization Criteria","guidelines":null,"is_required":false,"type":"custom","id":"2693680a-6ec6-4acc-94b9-c7b230d345c8","codename":"personalization_criteria","is_non_localizable":false}]},{"id":"b14d1539-95b8-4ce9-9025-8663977fdc6e","codename":"talks_list","last_modified":"2022-04-21T10:24:35.1911977Z","name":"Talks List","content_groups":[],"elements":[{"maximum_text_length":null,"validation_regex":null,"name":"Title","guidelines":null,"is_required":true,"type":"text","id":"c99e68cd-3f33-418e-a31f-d077e9418152","codename":"title","is_non_localizable":false},{"maximum_text_length":null,"validation_regex":null,"name":"Title when Personalized","guidelines":null,"is_required":false,"type":"text","id":"d5b6cac3-ac7c-4af4-ab8c-0b05fc64e4a7","codename":"title_when_personalized","is_non_localizable":false},{"name":"Number to Show","guidelines":null,"is_required":true,"type":"number","id":"93b647d9-afa4-4173-98fa-ed213d251a1d","codename":"number_to_show","is_non_localizable":false},{"maximum_text_length":null,"validation_regex":null,"name":"Register Button Text","guidelines":null,"is_required":false,"type":"text","id":"120ba0e3-4846-4a4d-a475-6c960291fc7e","codename":"register_button_text","is_non_localizable":false},{"item_count_limit":null,"allowed_content_types":[{"id":"e2f0df51-8918-447e-9c51-7bbc3c114029"}],"name":"Talks","guidelines":null,"is_required":true,"type":"modular_content","id":"4b99f42f-8e15-418c-954d-d417da9d8851","codename":"talks","is_non_localizable":false},{"source_url":"https://localhost:3001/personalization-criteria","json_parameters":"{\"apiKey\":\"uf1thakqvxcx0jmlxs84lknhl447ffm00ax6w6s490f7exv4rq7gay2frv0fzt99ppzwhd4k6fkjjjwh2xyx2z6j0rl99v6vx\",\"projectId\":\"66d0eea0-f900-43e6-8221-e330dce08597\"}","allowed_elements":[],"name":"Personalization Criteria","guidelines":null,"is_required":false,"type":"custom","id":"986c9b4a-f746-49af-9ac9-fff1d8449b13","codename":"personalization_criteria","is_non_localizable":false}]},{"id":"01eb7f0b-e3fd-4ebd-bf4b-2356634154ed","codename":"personalized_talks_lists","last_modified":"2022-04-21T10:26:23.556139Z","name":"Personalized Talks Lists","content_groups":[],"elements":[{"maximum_text_length":null,"validation_regex":null,"name":"Title","guidelines":null,"is_required":true,"type":"text","id":"80a56a47-09fb-4269-864f-e3c955189111","codename":"title","is_non_localizable":false},{"item_count_limit":null,"allowed_content_types":[{"id":"b14d1539-95b8-4ce9-9025-8663977fdc6e"}],"name":"Personalized Talks Lists List","guidelines":null,"is_required":true,"type":"modular_content","id":"1136e56a-1b7e-4f61-b42e-dbc7bb2e8de7","codename":"personalized_talks_lists_list","is_non_localizable":false}]},{"id":"bdb6b6a6-821b-450a-ab45-61ac9d402467","codename":"page","last_modified":"2022-04-21T13:11:46.548758Z","name":"Page","content_groups":[],"elements":[{"maximum_text_length":null,"validation_regex":null,"name":"Title","guidelines":null,"is_required":true,"type":"text","id":"5c3090b1-9c71-4c96-a2b5-3f8802328954","codename":"title","is_non_localizable":false},{"depends_on":{"element":{"id":"5c3090b1-9c71-4c96-a2b5-3f8802328954"}},"validation_regex":null,"name":"Slug","guidelines":null,"is_required":true,"type":"url_slug","id":"7b0f6fa8-060f-4bf0-89d5-29b30df8ddd5","codename":"slug","is_non_localizable":false},{"item_count_limit":null,"allowed_content_types":[{"id":"6c379ad9-4b08-4e69-933f-238dce7db1de"},{"id":"68b51f00-b654-49e8-b07e-2cc0a9ebcd3d"},{"id":"01eb7f0b-e3fd-4ebd-bf4b-2356634154ed"},{"id":"43663a79-62d1-45a7-afeb-58c6b8e07c4c"},{"id":"b14d1539-95b8-4ce9-9025-8663977fdc6e"},{"id":"a8d0186e-4666-4db1-b7cf-e06b82a08eb6"}],"name":"Components","guidelines":null,"is_required":true,"type":"modular_content","id":"644fc8da-56c0-45d1-b1a6-29a762ce4000","codename":"components","is_non_localizable":false},{"source_url":"https://localhost:3001/enrichment-tag","json_parameters":"{\"apiKey\":\"uf1thakqvxcx0jmlxs84lknhl447ffm00ax6w6s490f7exv4rq7gay2frv0fzt99ppzwhd4k6fkjjjwh2xyx2z6j0rl99v6vx\",\"projectId\":\"66d0eea0-f900-43e6-8221-e330dce08597\"}","allowed_elements":[],"name":"Enrichment tags","guidelines":null,"is_required":false,"type":"custom","id":"e882842f-25e6-408f-a81f-3928f8dd553c","codename":"enrichment_tags","is_non_localizable":false}]},{"id":"e2f0df51-8918-447e-9c51-7bbc3c114029","codename":"talk","last_modified":"2022-04-21T10:12:52.6215369Z","name":"Talk","content_groups":[],"elements":[{"maximum_text_length":null,"validation_regex":null,"name":"Title","guidelines":null,"is_required":true,"type":"text","id":"52dd89f0-a356-4f7f-8750-862923491987","codename":"title","is_non_localizable":false},{"maximum_text_length":null,"maximum_image_size":null,"allowed_content_types":[],"image_width_limit":null,"image_height_limit":null,"allowed_image_types":"any","allowed_blocks":["text"],"allowed_formatting":[],"allowed_text_blocks":[],"allowed_table_blocks":[],"allowed_table_formatting":[],"allowed_table_text_blocks":[],"name":"Description","guidelines":null,"is_required":true,"type":"rich_text","id":"52cfb5be-99dc-43c9-b5ae-9bb91443229a","codename":"description","is_non_localizable":false},{"mode":"single","options":[{"id":"cc69a044-22b5-4998-bc6e-afb8af62dd34","codename":"developers","name":"Developers"},{"id":"c0c20334-6a33-41e9-828e-89c1474eee60","codename":"marketers","name":"Marketers"}],"name":"Audience","guidelines":null,"is_required":true,"type":"multiple_choice","id":"19ca55a3-d559-4a8e-a9d0-b65db13d7976","codename":"audience","is_non_localizable":false}]},{"id":"a8d0186e-4666-4db1-b7cf-e06b82a08eb6","codename":"why_attend","last_modified":"2022-04-21T10:11:39.6465668Z","name":"Why Attend","content_groups":[],"elements":[{"maximum_text_length":null,"validation_regex":null,"name":"Title","guidelines":null,"is_required":true,"type":"text","id":"36db5501-b2e1-4904-a595-521f8f9afb03","codename":"title","is_non_localizable":false},{"maximum_text_length":null,"maximum_image_size":null,"allowed_content_types":[],"image_width_limit":null,"image_height_limit":null,"allowed_image_types":"any","allowed_blocks":["text"],"allowed_formatting":[],"allowed_text_blocks":[],"allowed_table_blocks":[],"allowed_table_formatting":[],"allowed_table_text_blocks":[],"name":"Description","guidelines":null,"is_required":true,"type":"rich_text","id":"66b4d2a7-0543-48bf-8a1a-2fe1c62cf8ce","codename":"description","is_non_localizable":false},{"asset_count_limit":null,"maximum_file_size":null,"allowed_file_types":"any","image_width_limit":null,"image_height_limit":null,"name":"Image","guidelines":null,"is_required":true,"type":"asset","id":"8979c747-4a56-420d-a021-8e5dac874a2e","codename":"image","is_non_localizable":false}]},{"id":"68b51f00-b654-49e8-b07e-2cc0a9ebcd3d","codename":"personalized_heroes","last_modified":"2022-04-21T13:57:11.1781252Z","name":"Personalized Heroes","content_groups":[],"elements":[{"maximum_text_length":null,"validation_regex":null,"name":"Title","guidelines":null,"is_required":true,"type":"text","id":"73561055-db33-46b0-ade6-de1681a95064","codename":"title","is_non_localizable":false},{"item_count_limit":null,"allowed_content_types":[{"id":"6c379ad9-4b08-4e69-933f-238dce7db1de"}],"name":"Personalized Heroes List","guidelines":null,"is_required":true,"type":"modular_content","id":"95509588-1f61-40d2-a93e-24c57f36531d","codename":"personalized_heroes_list","is_non_localizable":false}]},{"id":"b581441c-70bd-4951-9cfb-8c3db67d752c","codename":"call_to_action","last_modified":"2022-04-21T10:15:03.9522589Z","name":"Call to Action","content_groups":[],"elements":[{"maximum_text_length":null,"validation_regex":null,"name":"Title","guidelines":null,"is_required":true,"type":"text","id":"016f6c34-0ea6-45cc-8bae-7612f03724c2","codename":"title","is_non_localizable":false},{"maximum_text_length":null,"validation_regex":null,"name":"Subheading","guidelines":null,"is_required":false,"type":"text","id":"acc2818f-d765-40a8-bc09-7f1318f217be","codename":"subheading","is_non_localizable":false},{"maximum_text_length":null,"validation_regex":{"regex":"^(http|https):\\/\\/(\\w+:{0,1}\\w*@)?(\\S+)(:[0-9]+)?(\\/|\\/([\\w#!:.?+=&%@!\\-/]))?$","flags":null,"validation_message":"","is_active":true},"name":"Button Link","guidelines":null,"is_required":false,"type":"text","id":"ea2e59c0-5c02-436b-8904-a46cb860391a","codename":"button_link","is_non_localizable":false},{"maximum_text_length":null,"validation_regex":null,"name":"Button Text","guidelines":null,"is_required":false,"type":"text","id":"72a973cc-01d2-4a72-8a80-0e0ac89f8a92","codename":"button_text","is_non_localizable":false},{"asset_count_limit":null,"maximum_file_size":null,"allowed_file_types":"any","image_width_limit":null,"image_height_limit":null,"name":"Button Image","guidelines":null,"is_required":false,"type":"asset","id":"12706e36-64af-4e1b-b3e4-b0fa165d4c43","codename":"button_image","is_non_localizable":false}]}]