[{"elements":[{"element":{"id":"016f6c34-0ea6-45cc-8bae-7612f03724c2"},"value":"Like what you see?"},{"element":{"id":"acc2818f-d765-40a8-bc09-7f1318f217be"},"value":"Get a demo of Uniform Optimize for Contentful and signup for early access."},{"element":{"id":"ea2e59c0-5c02-436b-8904-a46cb860391a"},"value":"https://uniform.dev/uniform-for-contentful"},{"element":{"id":"72a973cc-01d2-4a72-8a80-0e0ac89f8a92"},"value":"Learn more"},{"element":{"id":"12706e36-64af-4e1b-b3e4-b0fa165d4c43"},"value":[{"renditions":[],"id":"793ebe7c-e45f-414f-aef3-2e990681cc70"}]}],"workflow_step":{"id":"c199950d-99f0-4983-b711-6c4c91624b22"},"workflow":{"workflow_identifier":{"id":"00000000-0000-0000-0000-000000000000"},"step_identifier":{"id":"c199950d-99f0-4983-b711-6c4c91624b22"}},"item":{"id":"26691066-9326-485b-a8cf-6e6f22521e5d"},"language":{"id":"00000000-0000-0000-0000-000000000000"},"last_modified":"2022-04-21T10:31:50.4357379Z"},{"elements":[{"element":{"id":"36db5501-b2e1-4904-a595-521f8f9afb03"},"value":"Why You Should Attend"},{"components":[],"element":{"id":"66b4d2a7-0543-48bf-8a1a-2fe1c62cf8ce"},"value":"<p>This conference has something to offer developers and marketers alike. From basics to advanced, learn more about:</p>\n<p><br/></p>\n<p>1. Enterprise JAMstack Personalization</p>\n<p>2. Uniform Personalization with Contentful</p>\n<p>3. Uniform DXP</p>\n<p><br/></p>\n<p>Expand your knowledge on these subjects and engage with professionals from all over the world.</p>"},{"element":{"id":"8979c747-4a56-420d-a021-8e5dac874a2e"},"value":[{"renditions":[],"id":"793ebe7c-e45f-414f-aef3-2e990681cc70"}]}],"workflow_step":{"id":"c199950d-99f0-4983-b711-6c4c91624b22"},"workflow":{"workflow_identifier":{"id":"00000000-0000-0000-0000-000000000000"},"step_identifier":{"id":"c199950d-99f0-4983-b711-6c4c91624b22"}},"item":{"id":"37311d21-1855-4ea3-a41e-87fe1f9256e1"},"language":{"id":"00000000-0000-0000-0000-000000000000"},"last_modified":"2022-04-21T10:38:52.6071606Z"},{"elements":[{"element":{"id":"52dd89f0-a356-4f7f-8750-862923491987"},"value":"3rd party scripts and performance"},{"components":[],"element":{"id":"52cfb5be-99dc-43c9-b5ae-9bb91443229a"},"value":"<p>The effect of 3rd party scripts on performance can be huge and the additional JavaScript payload coming from 3rd party scripts can easily exceed the amount of JavaScript you need to render your site.</p>"},{"element":{"id":"19ca55a3-d559-4a8e-a9d0-b65db13d7976"},"value":[{"id":"c0c20334-6a33-41e9-828e-89c1474eee60"}]}],"workflow_step":{"id":"c199950d-99f0-4983-b711-6c4c91624b22"},"workflow":{"workflow_identifier":{"id":"00000000-0000-0000-0000-000000000000"},"step_identifier":{"id":"c199950d-99f0-4983-b711-6c4c91624b22"}},"item":{"id":"ac0f2bc8-6418-4379-933f-8438ff92aac9"},"language":{"id":"00000000-0000-0000-0000-000000000000"},"last_modified":"2022-04-21T10:39:10.6073841Z"},{"elements":[{"element":{"id":"52dd89f0-a356-4f7f-8750-862923491987"},"value":"Edge-side computing basics"},{"components":[],"element":{"id":"52cfb5be-99dc-43c9-b5ae-9bb91443229a"},"value":"<p>Learn how to take the static to the new realm by adding edge-side logic to your application.</p>"},{"element":{"id":"19ca55a3-d559-4a8e-a9d0-b65db13d7976"},"value":[{"id":"cc69a044-22b5-4998-bc6e-afb8af62dd34"}]}],"workflow_step":{"id":"c199950d-99f0-4983-b711-6c4c91624b22"},"workflow":{"workflow_identifier":{"id":"00000000-0000-0000-0000-000000000000"},"step_identifier":{"id":"c199950d-99f0-4983-b711-6c4c91624b22"}},"item":{"id":"1dded831-7c25-47cc-83c2-9beb7f48a043"},"language":{"id":"00000000-0000-0000-0000-000000000000"},"last_modified":"2022-04-21T10:39:47.0670052Z"},{"elements":[{"element":{"id":"52dd89f0-a356-4f7f-8750-862923491987"},"value":"Personalization the for developers"},{"components":[],"element":{"id":"52cfb5be-99dc-43c9-b5ae-9bb91443229a"},"value":"<p>Developers should know the basics of personalization and how to do it the Jamstack way.</p>"},{"element":{"id":"19ca55a3-d559-4a8e-a9d0-b65db13d7976"},"value":[{"id":"cc69a044-22b5-4998-bc6e-afb8af62dd34"}]}],"workflow_step":{"id":"c199950d-99f0-4983-b711-6c4c91624b22"},"workflow":{"workflow_identifier":{"id":"00000000-0000-0000-0000-000000000000"},"step_identifier":{"id":"c199950d-99f0-4983-b711-6c4c91624b22"}},"item":{"id":"e16b06c7-c1ff-4e3f-ad65-04f0ac5b9313"},"language":{"id":"00000000-0000-0000-0000-000000000000"},"last_modified":"2022-04-21T10:51:32.7728805Z"},{"elements":[{"element":{"id":"52dd89f0-a356-4f7f-8750-862923491987"},"value":"What marketers need to know about 3rd party scripts"},{"components":[],"element":{"id":"52cfb5be-99dc-43c9-b5ae-9bb91443229a"},"value":"<p>The effect of 3rd party scripts on performance can be huge and the additional JavaScript payload coming from 3rd party scripts can easily exceed the amount of JavaScript you need to render your site.</p>"},{"element":{"id":"19ca55a3-d559-4a8e-a9d0-b65db13d7976"},"value":[{"id":"c0c20334-6a33-41e9-828e-89c1474eee60"}]}],"workflow_step":{"id":"c199950d-99f0-4983-b711-6c4c91624b22"},"workflow":{"workflow_identifier":{"id":"00000000-0000-0000-0000-000000000000"},"step_identifier":{"id":"c199950d-99f0-4983-b711-6c4c91624b22"}},"item":{"id":"3f79690a-3b14-4914-8cf5-e13b912ba723"},"language":{"id":"00000000-0000-0000-0000-000000000000"},"last_modified":"2022-04-21T10:51:22.6075962Z"},{"elements":[{"element":{"id":"52dd89f0-a356-4f7f-8750-862923491987"},"value":"Personalization the Jamstack way"},{"components":[],"element":{"id":"52cfb5be-99dc-43c9-b5ae-9bb91443229a"},"value":"<p>Marketers can learn about the basics of personalization and how to do it the Jamstack way.</p>"},{"element":{"id":"19ca55a3-d559-4a8e-a9d0-b65db13d7976"},"value":[{"id":"c0c20334-6a33-41e9-828e-89c1474eee60"}]}],"workflow_step":{"id":"c199950d-99f0-4983-b711-6c4c91624b22"},"workflow":{"workflow_identifier":{"id":"00000000-0000-0000-0000-000000000000"},"step_identifier":{"id":"c199950d-99f0-4983-b711-6c4c91624b22"}},"item":{"id":"0f3d8b5c-03a9-465b-822d-199387e92ed8"},"language":{"id":"00000000-0000-0000-0000-000000000000"},"last_modified":"2022-04-21T10:41:12.7394439Z"},{"elements":[{"element":{"id":"52dd89f0-a356-4f7f-8750-862923491987"},"value":"Jamstack for Enterprise Architects"},{"components":[],"element":{"id":"52cfb5be-99dc-43c9-b5ae-9bb91443229a"},"value":"<p>Jamstack brings huge benefits to Enterprise use cases. As an architect, learn about how to adopt Jamstack for your company.</p>"},{"element":{"id":"19ca55a3-d559-4a8e-a9d0-b65db13d7976"},"value":[{"id":"c0c20334-6a33-41e9-828e-89c1474eee60"}]}],"workflow_step":{"id":"c199950d-99f0-4983-b711-6c4c91624b22"},"workflow":{"workflow_identifier":{"id":"00000000-0000-0000-0000-000000000000"},"step_identifier":{"id":"c199950d-99f0-4983-b711-6c4c91624b22"}},"item":{"id":"40b7026a-aa8e-4633-9c99-23bb6278582b"},"language":{"id":"00000000-0000-0000-0000-000000000000"},"last_modified":"2022-04-21T10:41:27.3148191Z"},{"elements":[{"element":{"id":"52dd89f0-a356-4f7f-8750-862923491987"},"value":"What's next in Next.js?"},{"components":[],"element":{"id":"52cfb5be-99dc-43c9-b5ae-9bb91443229a"},"value":"<p>Find out what's new in the latest Next.js release.</p>"},{"element":{"id":"19ca55a3-d559-4a8e-a9d0-b65db13d7976"},"value":[{"id":"cc69a044-22b5-4998-bc6e-afb8af62dd34"}]}],"workflow_step":{"id":"c199950d-99f0-4983-b711-6c4c91624b22"},"workflow":{"workflow_identifier":{"id":"00000000-0000-0000-0000-000000000000"},"step_identifier":{"id":"c199950d-99f0-4983-b711-6c4c91624b22"}},"item":{"id":"cfcfe6ca-40bd-45b9-850a-27a3c5779e2f"},"language":{"id":"00000000-0000-0000-0000-000000000000"},"last_modified":"2022-04-21T10:51:11.7267983Z"},{"elements":[{"element":{"id":"52dd89f0-a356-4f7f-8750-862923491987"},"value":"Jamstack 101"},{"components":[],"element":{"id":"52cfb5be-99dc-43c9-b5ae-9bb91443229a"},"value":"<p>Learn what Jamstack is in this introductory course for both developers and marketers.</p>"},{"element":{"id":"19ca55a3-d559-4a8e-a9d0-b65db13d7976"},"value":[{"id":"cc69a044-22b5-4998-bc6e-afb8af62dd34"}]}],"workflow_step":{"id":"c199950d-99f0-4983-b711-6c4c91624b22"},"workflow":{"workflow_identifier":{"id":"00000000-0000-0000-0000-000000000000"},"step_identifier":{"id":"c199950d-99f0-4983-b711-6c4c91624b22"}},"item":{"id":"874fd3a6-c96e-4903-8088-c7582cc07451"},"language":{"id":"00000000-0000-0000-0000-000000000000"},"last_modified":"2022-04-21T10:42:03.5199683Z"},{"elements":[{"element":{"id":"c80e4e9f-f5be-40b7-a458-93d3a61cdccb"},"value":"Register Now!"},{"element":{"id":"7ab6826e-d080-4463-b974-d2391d774350"},"value":"Complete Registration"},{"element":{"id":"be7656b2-2f6c-409e-8716-fc2c522457f3"},"value":"Thanks for registering for UniformConf! We'll see you there!"}],"workflow_step":{"id":"c199950d-99f0-4983-b711-6c4c91624b22"},"workflow":{"workflow_identifier":{"id":"00000000-0000-0000-0000-000000000000"},"step_identifier":{"id":"c199950d-99f0-4983-b711-6c4c91624b22"}},"item":{"id":"f0bd5f07-0772-454b-9e53-8f099f864fa5"},"language":{"id":"00000000-0000-0000-0000-000000000000"},"last_modified":"2022-04-21T10:42:20.7737183Z"},{"elements":[{"element":{"id":"c99e68cd-3f33-418e-a31f-d077e9418152"},"value":"Our conference talks"},{"element":{"id":"d5b6cac3-ac7c-4af4-ab8c-0b05fc64e4a7"},"value":"Personalized talks for you"},{"element":{"id":"93b647d9-afa4-4173-98fa-ed213d251a1d"},"value":3},{"element":{"id":"120ba0e3-4846-4a4d-a475-6c960291fc7e"},"value":"Add to my schedule"},{"element":{"id":"4b99f42f-8e15-418c-954d-d417da9d8851"},"value":[{"id":"cfcfe6ca-40bd-45b9-850a-27a3c5779e2f"},{"id":"0f3d8b5c-03a9-465b-822d-199387e92ed8"},{"id":"e16b06c7-c1ff-4e3f-ad65-04f0ac5b9313"}]},{"searchable_value":null,"element":{"id":"986c9b4a-f746-49af-9ac9-fff1d8449b13"},"value":null}],"workflow_step":{"id":"c199950d-99f0-4983-b711-6c4c91624b22"},"workflow":{"workflow_identifier":{"id":"00000000-0000-0000-0000-000000000000"},"step_identifier":{"id":"c199950d-99f0-4983-b711-6c4c91624b22"}},"item":{"id":"c10b3f81-5d73-4eae-8b19-70b091b84096"},"language":{"id":"00000000-0000-0000-0000-000000000000"},"last_modified":"2022-04-21T10:43:15.4770987Z"},{"elements":[{"element":{"id":"c99e68cd-3f33-418e-a31f-d077e9418152"},"value":"Personalized talks for developers"},{"element":{"id":"d5b6cac3-ac7c-4af4-ab8c-0b05fc64e4a7"},"value":""},{"element":{"id":"93b647d9-afa4-4173-98fa-ed213d251a1d"},"value":3},{"element":{"id":"120ba0e3-4846-4a4d-a475-6c960291fc7e"},"value":""},{"element":{"id":"4b99f42f-8e15-418c-954d-d417da9d8851"},"value":[{"id":"cfcfe6ca-40bd-45b9-850a-27a3c5779e2f"},{"id":"1dded831-7c25-47cc-83c2-9beb7f48a043"},{"id":"e16b06c7-c1ff-4e3f-ad65-04f0ac5b9313"}]},{"searchable_value":null,"element":{"id":"986c9b4a-f746-49af-9ac9-fff1d8449b13"},"value":"{\"crit\":[{\"l\":\"1_dev\",\"op\":\"+\"}]}"}],"workflow_step":{"id":"c199950d-99f0-4983-b711-6c4c91624b22"},"workflow":{"workflow_identifier":{"id":"00000000-0000-0000-0000-000000000000"},"step_identifier":{"id":"c199950d-99f0-4983-b711-6c4c91624b22"}},"item":{"id":"251db1d4-3ad7-4edc-924b-51d7a09a5566"},"language":{"id":"00000000-0000-0000-0000-000000000000"},"last_modified":"2022-04-21T10:50:00.3256267Z"},{"elements":[{"element":{"id":"c99e68cd-3f33-418e-a31f-d077e9418152"},"value":"Personalized talks for marketers"},{"element":{"id":"d5b6cac3-ac7c-4af4-ab8c-0b05fc64e4a7"},"value":""},{"element":{"id":"93b647d9-afa4-4173-98fa-ed213d251a1d"},"value":3},{"element":{"id":"120ba0e3-4846-4a4d-a475-6c960291fc7e"},"value":""},{"element":{"id":"4b99f42f-8e15-418c-954d-d417da9d8851"},"value":[{"id":"874fd3a6-c96e-4903-8088-c7582cc07451"},{"id":"40b7026a-aa8e-4633-9c99-23bb6278582b"},{"id":"ac0f2bc8-6418-4379-933f-8438ff92aac9"}]},{"searchable_value":null,"element":{"id":"986c9b4a-f746-49af-9ac9-fff1d8449b13"},"value":"{\"crit\":[{\"l\":\"1_mkt\",\"op\":\"+\"}]}"}],"workflow_step":{"id":"c199950d-99f0-4983-b711-6c4c91624b22"},"workflow":{"workflow_identifier":{"id":"00000000-0000-0000-0000-000000000000"},"step_identifier":{"id":"c199950d-99f0-4983-b711-6c4c91624b22"}},"item":{"id":"c799afef-17f6-45a7-a672-1aea931ae685"},"language":{"id":"00000000-0000-0000-0000-000000000000"},"last_modified":"2022-04-21T10:50:38.4943232Z"},{"elements":[{"element":{"id":"80a56a47-09fb-4269-864f-e3c955189111"},"value":"Home page talks"},{"element":{"id":"1136e56a-1b7e-4f61-b42e-dbc7bb2e8de7"},"value":[{"id":"c799afef-17f6-45a7-a672-1aea931ae685"},{"id":"251db1d4-3ad7-4edc-924b-51d7a09a5566"},{"id":"c10b3f81-5d73-4eae-8b19-70b091b84096"}]}],"workflow_step":{"id":"c199950d-99f0-4983-b711-6c4c91624b22"},"workflow":{"workflow_identifier":{"id":"00000000-0000-0000-0000-000000000000"},"step_identifier":{"id":"c199950d-99f0-4983-b711-6c4c91624b22"}},"item":{"id":"133cb8ff-5dff-4238-a23d-9dee511fa1a1"},"language":{"id":"00000000-0000-0000-0000-000000000000"},"last_modified":"2022-04-21T10:52:02.2810517Z"},{"elements":[{"element":{"id":"73561055-db33-46b0-ade6-de1681a95064"},"value":"Homepage Hero"},{"element":{"id":"95509588-1f61-40d2-a93e-24c57f36531d"},"value":[{"id":"8422e860-62d2-4786-835f-550adc094d6c"},{"id":"9bdaad43-2cd5-41c3-a9f1-4497256f0262"},{"id":"1e900af5-444b-4a95-a2f2-e0f0e8273e15"},{"id":"a04e735f-35fe-48c5-892e-990e694c1922"},{"id":"cf37bddd-8cf2-45e4-99fd-834040358eb9"}]}],"workflow_step":{"id":"c199950d-99f0-4983-b711-6c4c91624b22"},"workflow":{"workflow_identifier":{"id":"00000000-0000-0000-0000-000000000000"},"step_identifier":{"id":"c199950d-99f0-4983-b711-6c4c91624b22"}},"item":{"id":"9f3d7d76-2697-40b5-93ed-43916973728d"},"language":{"id":"00000000-0000-0000-0000-000000000000"},"last_modified":"2022-04-21T12:41:57.3499582Z"},{"elements":[{"element":{"id":"71eec87e-13d4-4a2e-8b8c-ba5a0ac44110"},"value":"Developer Hero"},{"components":[],"element":{"id":"2cd79579-3f77-409b-b019-031741b530ef"},"value":"<p>Hey, we think you may be a developer. This might be of interest to you!</p>"},{"element":{"id":"cfeb76a1-d077-404e-8a9e-6022fd4d92e2"},"value":"Whoa, I am a developer!"},{"element":{"id":"dce8c1fd-0791-419f-a4d2-4490bc842648"},"value":""},{"element":{"id":"579a5821-6fc2-4fe9-b1b5-53709b9870be"},"value":[{"renditions":[],"id":"7575e005-ac29-4986-be45-30d3a839e820"}]},{"searchable_value":null,"element":{"id":"2693680a-6ec6-4acc-94b9-c7b230d345c8"},"value":"{\"crit\":[{\"l\":\"1_dev\",\"op\":\">=\",\"r\":50}]}"}],"workflow_step":{"id":"c199950d-99f0-4983-b711-6c4c91624b22"},"workflow":{"workflow_identifier":{"id":"00000000-0000-0000-0000-000000000000"},"step_identifier":{"id":"c199950d-99f0-4983-b711-6c4c91624b22"}},"item":{"id":"9bdaad43-2cd5-41c3-a9f1-4497256f0262"},"language":{"id":"00000000-0000-0000-0000-000000000000"},"last_modified":"2022-04-21T12:37:36.0234312Z"},{"elements":[{"element":{"id":"71eec87e-13d4-4a2e-8b8c-ba5a0ac44110"},"value":"Thank you for joining!"},{"components":[],"element":{"id":"2cd79579-3f77-409b-b019-031741b530ef"},"value":"<p>Now check out the conference sessions and add them to your agenda</p>"},{"element":{"id":"cfeb76a1-d077-404e-8a9e-6022fd4d92e2"},"value":"See sessions"},{"element":{"id":"dce8c1fd-0791-419f-a4d2-4490bc842648"},"value":""},{"element":{"id":"579a5821-6fc2-4fe9-b1b5-53709b9870be"},"value":[{"renditions":[],"id":"330c9c66-2c57-4b9e-a2c5-62909a6a2c5f"}]},{"searchable_value":null,"element":{"id":"2693680a-6ec6-4acc-94b9-c7b230d345c8"},"value":"{\"crit\":[{\"l\":\"registrationComplete\",\"op\":\">=\",\"r\":50}]}"}],"workflow_step":{"id":"c199950d-99f0-4983-b711-6c4c91624b22"},"workflow":{"workflow_identifier":{"id":"00000000-0000-0000-0000-000000000000"},"step_identifier":{"id":"c199950d-99f0-4983-b711-6c4c91624b22"}},"item":{"id":"a04e735f-35fe-48c5-892e-990e694c1922"},"language":{"id":"00000000-0000-0000-0000-000000000000"},"last_modified":"2022-04-21T12:38:38.6802612Z"},{"elements":[{"element":{"id":"71eec87e-13d4-4a2e-8b8c-ba5a0ac44110"},"value":"Call for papers open now!"},{"components":[],"element":{"id":"2cd79579-3f77-409b-b019-031741b530ef"},"value":"<p>We can't wait to receive your talk submission!</p>"},{"element":{"id":"cfeb76a1-d077-404e-8a9e-6022fd4d92e2"},"value":"Submit your talk"},{"element":{"id":"dce8c1fd-0791-419f-a4d2-4490bc842648"},"value":""},{"element":{"id":"579a5821-6fc2-4fe9-b1b5-53709b9870be"},"value":[{"renditions":[],"id":"54d6e875-de51-480b-bd6c-0b59f6605980"}]},{"searchable_value":null,"element":{"id":"2693680a-6ec6-4acc-94b9-c7b230d345c8"},"value":"{\"crit\":[{\"l\":\"callForPapers\",\"op\":\">=\",\"r\":50}]}"}],"workflow_step":{"id":"c199950d-99f0-4983-b711-6c4c91624b22"},"workflow":{"workflow_identifier":{"id":"00000000-0000-0000-0000-000000000000"},"step_identifier":{"id":"c199950d-99f0-4983-b711-6c4c91624b22"}},"item":{"id":"1e900af5-444b-4a95-a2f2-e0f0e8273e15"},"language":{"id":"00000000-0000-0000-0000-000000000000"},"last_modified":"2022-04-21T12:39:09.3639217Z"},{"elements":[{"element":{"id":"71eec87e-13d4-4a2e-8b8c-ba5a0ac44110"},"value":"Developer Content"},{"components":[],"element":{"id":"2cd79579-3f77-409b-b019-031741b530ef"},"value":"<p>This page is for developers!</p>"},{"element":{"id":"cfeb76a1-d077-404e-8a9e-6022fd4d92e2"},"value":"Developers, developers, developers, developers"},{"element":{"id":"dce8c1fd-0791-419f-a4d2-4490bc842648"},"value":""},{"element":{"id":"579a5821-6fc2-4fe9-b1b5-53709b9870be"},"value":[]},{"searchable_value":null,"element":{"id":"2693680a-6ec6-4acc-94b9-c7b230d345c8"},"value":null}],"workflow_step":{"id":"c199950d-99f0-4983-b711-6c4c91624b22"},"workflow":{"workflow_identifier":{"id":"00000000-0000-0000-0000-000000000000"},"step_identifier":{"id":"c199950d-99f0-4983-b711-6c4c91624b22"}},"item":{"id":"1993a675-9211-4c02-8798-1ea1c7998e98"},"language":{"id":"00000000-0000-0000-0000-000000000000"},"last_modified":"2022-04-21T12:39:27.2057514Z"},{"elements":[{"element":{"id":"71eec87e-13d4-4a2e-8b8c-ba5a0ac44110"},"value":"Marketer Content"},{"components":[],"element":{"id":"2cd79579-3f77-409b-b019-031741b530ef"},"value":"<p>This content is for marketers!</p>"},{"element":{"id":"cfeb76a1-d077-404e-8a9e-6022fd4d92e2"},"value":"Find your audience"},{"element":{"id":"dce8c1fd-0791-419f-a4d2-4490bc842648"},"value":""},{"element":{"id":"579a5821-6fc2-4fe9-b1b5-53709b9870be"},"value":[]},{"searchable_value":null,"element":{"id":"2693680a-6ec6-4acc-94b9-c7b230d345c8"},"value":null}],"workflow_step":{"id":"c199950d-99f0-4983-b711-6c4c91624b22"},"workflow":{"workflow_identifier":{"id":"00000000-0000-0000-0000-000000000000"},"step_identifier":{"id":"c199950d-99f0-4983-b711-6c4c91624b22"}},"item":{"id":"47b77b94-862b-4063-9607-8a290ef2338e"},"language":{"id":"00000000-0000-0000-0000-000000000000"},"last_modified":"2022-04-21T12:40:08.4663902Z"},{"elements":[{"element":{"id":"71eec87e-13d4-4a2e-8b8c-ba5a0ac44110"},"value":"Welcome to UniformConf"},{"components":[],"element":{"id":"2cd79579-3f77-409b-b019-031741b530ef"},"value":"<p>Whether you are a developer or a marketer, we got great content for you.</p>"},{"element":{"id":"cfeb76a1-d077-404e-8a9e-6022fd4d92e2"},"value":"Register"},{"element":{"id":"dce8c1fd-0791-419f-a4d2-4490bc842648"},"value":"/registration"},{"element":{"id":"579a5821-6fc2-4fe9-b1b5-53709b9870be"},"value":[{"renditions":[],"id":"a62d150e-1e67-4677-828e-65e7a3c6e522"}]},{"searchable_value":null,"element":{"id":"2693680a-6ec6-4acc-94b9-c7b230d345c8"},"value":null}],"workflow_step":{"id":"c199950d-99f0-4983-b711-6c4c91624b22"},"workflow":{"workflow_identifier":{"id":"00000000-0000-0000-0000-000000000000"},"step_identifier":{"id":"c199950d-99f0-4983-b711-6c4c91624b22"}},"item":{"id":"cf37bddd-8cf2-45e4-99fd-834040358eb9"},"language":{"id":"00000000-0000-0000-0000-000000000000"},"last_modified":"2022-04-21T12:40:42.3079726Z"},{"elements":[{"element":{"id":"71eec87e-13d4-4a2e-8b8c-ba5a0ac44110"},"value":"Marketer Hero"},{"components":[],"element":{"id":"2cd79579-3f77-409b-b019-031741b530ef"},"value":"<p>Hey, we think you may be a marketer. This might be of interest to you!</p>"},{"element":{"id":"cfeb76a1-d077-404e-8a9e-6022fd4d92e2"},"value":"Whoa, I am a marketer!"},{"element":{"id":"dce8c1fd-0791-419f-a4d2-4490bc842648"},"value":""},{"element":{"id":"579a5821-6fc2-4fe9-b1b5-53709b9870be"},"value":[{"renditions":[],"id":"0600be32-2dcb-4c03-bd92-0f71529f1dd0"}]},{"searchable_value":null,"element":{"id":"2693680a-6ec6-4acc-94b9-c7b230d345c8"},"value":"{\"crit\":[{\"l\":\"1_mkt\",\"op\":\">=\",\"r\":50}]}"}],"workflow_step":{"id":"c199950d-99f0-4983-b711-6c4c91624b22"},"workflow":{"workflow_identifier":{"id":"00000000-0000-0000-0000-000000000000"},"step_identifier":{"id":"c199950d-99f0-4983-b711-6c4c91624b22"}},"item":{"id":"8422e860-62d2-4786-835f-550adc094d6c"},"language":{"id":"00000000-0000-0000-0000-000000000000"},"last_modified":"2022-04-21T12:41:33.4385267Z"},{"elements":[{"element":{"id":"5c3090b1-9c71-4c96-a2b5-3f8802328954"},"value":"Home Page"},{"mode":"custom","element":{"id":"7b0f6fa8-060f-4bf0-89d5-29b30df8ddd5"},"value":"/"},{"element":{"id":"644fc8da-56c0-45d1-b1a6-29a762ce4000"},"value":[{"id":"9f3d7d76-2697-40b5-93ed-43916973728d"},{"id":"133cb8ff-5dff-4238-a23d-9dee511fa1a1"},{"id":"37311d21-1855-4ea3-a41e-87fe1f9256e1"}]},{"searchable_value":null,"element":{"id":"e882842f-25e6-408f-a81f-3928f8dd553c"},"value":null}],"workflow_step":{"id":"c199950d-99f0-4983-b711-6c4c91624b22"},"workflow":{"workflow_identifier":{"id":"00000000-0000-0000-0000-000000000000"},"step_identifier":{"id":"c199950d-99f0-4983-b711-6c4c91624b22"}},"item":{"id":"9eaac7e4-78ee-4bb3-a638-516087ea639f"},"language":{"id":"00000000-0000-0000-0000-000000000000"},"last_modified":"2022-04-21T17:54:36.4457308Z"},{"elements":[{"element":{"id":"5c3090b1-9c71-4c96-a2b5-3f8802328954"},"value":"Marketer Content"},{"mode":"custom","element":{"id":"7b0f6fa8-060f-4bf0-89d5-29b30df8ddd5"},"value":"/marketers"},{"element":{"id":"644fc8da-56c0-45d1-b1a6-29a762ce4000"},"value":[{"id":"47b77b94-862b-4063-9607-8a290ef2338e"}]},{"searchable_value":null,"element":{"id":"e882842f-25e6-408f-a81f-3928f8dd553c"},"value":"[{\"cat\":\"1\",\"key\":\"mkt\",\"str\":50}]"}],"workflow_step":{"id":"c199950d-99f0-4983-b711-6c4c91624b22"},"workflow":{"workflow_identifier":{"id":"00000000-0000-0000-0000-000000000000"},"step_identifier":{"id":"c199950d-99f0-4983-b711-6c4c91624b22"}},"item":{"id":"e472b597-7d70-4cb3-b9ce-e22f41c48535"},"language":{"id":"00000000-0000-0000-0000-000000000000"},"last_modified":"2022-04-21T12:43:22.0100903Z"},{"elements":[{"element":{"id":"5c3090b1-9c71-4c96-a2b5-3f8802328954"},"value":"Developer Content"},{"mode":"custom","element":{"id":"7b0f6fa8-060f-4bf0-89d5-29b30df8ddd5"},"value":"/developers"},{"element":{"id":"644fc8da-56c0-45d1-b1a6-29a762ce4000"},"value":[{"id":"1993a675-9211-4c02-8798-1ea1c7998e98"}]},{"searchable_value":null,"element":{"id":"e882842f-25e6-408f-a81f-3928f8dd553c"},"value":"[{\"cat\":\"1\",\"key\":\"dev\",\"str\":50}]"}],"workflow_step":{"id":"c199950d-99f0-4983-b711-6c4c91624b22"},"workflow":{"workflow_identifier":{"id":"00000000-0000-0000-0000-000000000000"},"step_identifier":{"id":"c199950d-99f0-4983-b711-6c4c91624b22"}},"item":{"id":"23635a5b-46be-44d7-89db-5bf53409b508"},"language":{"id":"00000000-0000-0000-0000-000000000000"},"last_modified":"2022-04-21T12:43:52.4745858Z"},{"elements":[{"element":{"id":"5c3090b1-9c71-4c96-a2b5-3f8802328954"},"value":"Registration"},{"mode":"custom","element":{"id":"7b0f6fa8-060f-4bf0-89d5-29b30df8ddd5"},"value":"/registration"},{"element":{"id":"644fc8da-56c0-45d1-b1a6-29a762ce4000"},"value":[{"id":"f0bd5f07-0772-454b-9e53-8f099f864fa5"}]},{"searchable_value":null,"element":{"id":"e882842f-25e6-408f-a81f-3928f8dd553c"},"value":null}],"workflow_step":{"id":"c199950d-99f0-4983-b711-6c4c91624b22"},"workflow":{"workflow_identifier":{"id":"00000000-0000-0000-0000-000000000000"},"step_identifier":{"id":"c199950d-99f0-4983-b711-6c4c91624b22"}},"item":{"id":"09d93d1c-5447-4c50-9afa-a1624fd93593"},"language":{"id":"00000000-0000-0000-0000-000000000000"},"last_modified":"2022-04-21T17:54:52.1530473Z"}]