[{"id":"80af3759-21ea-4250-85b6-fafcc5f4a905","file_name":"kenya.jpg","title":null,"size":74683,"type":"image/jpeg","url":"https://assets-us-01.kc-usercontent.com/5d630f13-d9e5-00ea-d57f-0943c6d6314b/d8497924-8abf-4a35-8793-66beffb80a64/kenya.jpg","image_width":1080,"image_height":1080,"file_reference":{"id":"d8497924-8abf-4a35-8793-66beffb80a64","type":"internal"},"descriptions":[{"language":{"id":"00000000-0000-0000-0000-000000000000"},"description":null}],"last_modified":"2019-05-17T10:29:45.963Z"}]