[{"id":"f4557472-a501-4280-89c2-b56854433b73","codename":"hero","last_modified":"2021-02-22T22:02:40.5736036Z","name":"Hero","content_groups":[],"elements":[{"maximum_text_length":null,"name":"Title","guidelines":null,"is_required":false,"type":"text","id":"09d4692f-c14d-4bb7-a537-3defa727da30","codename":"title"},{"guidelines":null,"taxonomy_group":{"id":"2d7ceee2-3c02-4d30-9542-1be056cb9c06"},"is_required":false,"type":"taxonomy","id":"d173ddaa-4cb0-4112-bc1b-dfb909f4bdfc","codename":"uniform_optimize"}]},{"id":"4d4cd788-f6b9-4d09-b269-776f6d11a28f","codename":"personalized_hero","last_modified":"2021-02-22T22:01:16.3427503Z","name":"Personalized Hero","content_groups":[],"elements":[{"item_count_limit":null,"allowed_content_types":[{"id":"f4557472-a501-4280-89c2-b56854433b73"}],"name":"Options","guidelines":null,"is_required":false,"type":"modular_content","id":"a9e32023-41a2-442b-ae4a-11ce2e427f80","codename":"options"}]},{"id":"b87224a8-f1bc-4741-bbad-cf0b1f5b14c7","codename":"page","last_modified":"2021-02-22T22:02:12.3000152Z","name":"Page","content_groups":[{"id":"2e81b113-793d-401b-b98f-775fd3fe342a","name":"Content","codename":"content"}],"elements":[{"item_count_limit":null,"allowed_content_types":[{"id":"f4557472-a501-4280-89c2-b56854433b73"},{"id":"4d4cd788-f6b9-4d09-b269-776f6d11a28f"}],"name":"Components","guidelines":null,"is_required":false,"type":"modular_content","id":"beae2e3d-4087-41e2-b677-264a278ca944","codename":"components","content_group":{"id":"2e81b113-793d-401b-b98f-775fd3fe342a"}}]}]