[{"id":"508cbaf0-0a75-43c5-9386-7c972ab55d82","codename":"seo_metadata_example_to_include_in_any_type","last_modified":"2019-09-16T09:38:27.806Z","name":"SEO metadata—example to include in any type","elements":[{"guidelines":"<h2>SEO metadata guidelines</h2>\n<p>Having good metadata helps your content get seen through clicks in web searches. Read&nbsp;<a href=\"https://moz.com/learn/seo/meta-description\">https://moz.com/learn/seo/meta-description</a>.</p>","type":"guidelines","id":"a903887d-62b7-4cb1-aca6-d96fca29bad5","codename":"seo_metadata_example_to_include_in_any_type__a903887d_62b7_4cb1_aca6_d96fca29bad5"},{"maximum_text_length":{"value":70,"applies_to":"characters"},"name":"Meta title","guidelines":"This is a simple text field. It defines the title for your SEO metadata (and can be different than the name in Kentico Kontent). Text fields don't store any formatting.","is_required":false,"type":"text","id":"e295e0be-3d12-4fcc-b6b9-a308b7307bce","codename":"seo_metadata_example_to_include_in_any_type__meta_title"},{"maximum_text_length":{"value":160,"applies_to":"characters"},"name":"Meta description","guidelines":"This is a simple text field. It defines the description for your SEO metadata . Text fields don't store any formatting.","is_required":false,"type":"text","id":"a6d71176-bd66-42ae-92b1-9d1d4e2c8181","codename":"seo_metadata_example_to_include_in_any_type__meta_description"}]}]