[{"id":"820def29-5ff4-40a1-899d-2d90c2fa0834","name":"Home","codename":"home","type":{"id":"b87224a8-f1bc-4741-bbad-cf0b1f5b14c7"},"collection":{"id":"00000000-0000-0000-0000-000000000000"},"sitemap_locations":[],"last_modified":"2021-02-22T22:03:24.1549219Z"},{"id":"e6904d82-ccdc-4c84-bf10-e3b13c651bc6","name":"Homepage Hero","codename":"homepage_hero","type":{"id":"4d4cd788-f6b9-4d09-b269-776f6d11a28f"},"collection":{"id":"00000000-0000-0000-0000-000000000000"},"sitemap_locations":[],"last_modified":"2021-02-22T22:03:44.7624752Z"},{"id":"73899b33-36ed-46c6-ba14-5a9a544190b6","name":"Developer Hero","codename":"developer_hero","type":{"id":"f4557472-a501-4280-89c2-b56854433b73"},"collection":{"id":"00000000-0000-0000-0000-000000000000"},"sitemap_locations":[],"last_modified":"2021-02-22T22:03:54.2488977Z"},{"id":"101ab9dd-d884-4a2e-9d05-0d3fc0176e63","name":"Marketer Hero","codename":"marketer_hero","type":{"id":"f4557472-a501-4280-89c2-b56854433b73"},"collection":{"id":"00000000-0000-0000-0000-000000000000"},"sitemap_locations":[],"last_modified":"2021-02-22T22:04:17.7124822Z"},{"id":"af72b2b6-b4af-4f80-9281-ef6c2cf85353","name":"Default Hero","codename":"default_hero","type":{"id":"f4557472-a501-4280-89c2-b56854433b73"},"collection":{"id":"00000000-0000-0000-0000-000000000000"},"sitemap_locations":[],"last_modified":"2021-02-22T22:04:36.1048897Z"},{"id":"9c752a1e-71c2-404f-bd38-77669cb6003c","name":"Developers","codename":"developers","type":{"id":"b87224a8-f1bc-4741-bbad-cf0b1f5b14c7"},"collection":{"id":"00000000-0000-0000-0000-000000000000"},"sitemap_locations":[],"last_modified":"2021-02-22T22:05:36.4158291Z"},{"id":"bb7a4184-701d-4e02-8757-1b6eb4fa8d53","name":"Marketers","codename":"marketers","type":{"id":"b87224a8-f1bc-4741-bbad-cf0b1f5b14c7"},"collection":{"id":"00000000-0000-0000-0000-000000000000"},"sitemap_locations":[],"last_modified":"2021-02-22T22:06:25.5660316Z"}]