[{"last_modified":"2021-02-22T23:50:36.3744061Z","id":"2d7ceee2-3c02-4d30-9542-1be056cb9c06","name":"Uniform Optimize","codename":"uniform_optimize","terms":[{"id":"838bbc0a-3648-4fa1-947f-694bd893205d","name":"Developer","codename":"dev","terms":[]},{"id":"02446220-6935-4abe-85ff-7f3ac65d040f","name":"Marketer","codename":"marketer","terms":[]}]},{"last_modified":"2019-01-18T09:12:25.778Z","id":"340ea7fb-9fcc-4cce-9840-f4ca149907a4","name":"Taxonomy—categorizing target audience","codename":"taxonomy_categorizing_target_audience","terms":[{"id":"1668c307-e2ac-4b9d-ab43-cad7416056b0","name":"For other businesses (B2B)","codename":"for_other_businesses__b2b_","terms":[]},{"id":"c9e93cec-f80c-43a0-9b5d-3c6f9594d3fd","name":"For consumers (B2C)","codename":"for_consumers__b2c_","terms":[]}]}]