[{"id":"e80e6834-b73b-414d-9259-0567fa362600","name":"Developers Banner","codename":"untitled_content_item","type":{"id":"727e5630-1cc3-4e00-99f7-07574214b3ea"},"collection":{"id":"00000000-0000-0000-0000-000000000000"},"sitemap_locations":[],"last_modified":"2021-06-18T12:23:45.1890242Z"},{"id":"6cbeed76-e150-4696-a2a6-f677a4a93ed5","name":"Marketers Banner","codename":"marketers_banner","type":{"id":"727e5630-1cc3-4e00-99f7-07574214b3ea"},"collection":{"id":"00000000-0000-0000-0000-000000000000"},"sitemap_locations":[],"last_modified":"2021-06-18T12:24:37.7257269Z"},{"id":"6351f81c-5d19-4ba4-b9f4-f2955ea1c3f1","name":"Default Banner","codename":"default_banner","type":{"id":"727e5630-1cc3-4e00-99f7-07574214b3ea"},"collection":{"id":"00000000-0000-0000-0000-000000000000"},"sitemap_locations":[],"last_modified":"2021-06-18T12:25:21.6881237Z"},{"id":"4839c51c-dc0c-4eed-80a7-81c1bf86bd86","name":"Homepage Personalized Banner","codename":"homepage_personalized_banner","type":{"id":"1a06e024-a0b8-4fc0-95bb-bb7855f6530c"},"collection":{"id":"00000000-0000-0000-0000-000000000000"},"sitemap_locations":[],"last_modified":"2021-06-18T12:28:54.8973277Z"},{"id":"8d9ab353-c813-4679-bcd2-6594f4ce73e9","name":"Homepage","codename":"homepage","type":{"id":"38e629fc-f751-48f0-a5c2-add4a4a9929a"},"collection":{"id":"00000000-0000-0000-0000-000000000000"},"sitemap_locations":[],"last_modified":"2021-06-18T12:41:25.8183464Z"},{"id":"df9451cf-8903-4225-9338-83ee64de5f2b","name":"Developers","codename":"developers","type":{"id":"38e629fc-f751-48f0-a5c2-add4a4a9929a"},"collection":{"id":"00000000-0000-0000-0000-000000000000"},"sitemap_locations":[],"last_modified":"2021-06-23T15:12:57.7259966Z"},{"id":"7810b1f1-5615-42c7-9b6a-70966c5aca92","name":"Marketers","codename":"marketers","type":{"id":"38e629fc-f751-48f0-a5c2-add4a4a9929a"},"collection":{"id":"00000000-0000-0000-0000-000000000000"},"sitemap_locations":[],"last_modified":"2021-06-23T15:13:36.9461457Z"}]